{"cameraMode":{"drawMode":0,"name":"Shaded","section":"Shading Mode"},"sceneLighting":true,"audioPlay":false,"sceneViewState":{"m_AlwaysRefresh":false,"showFog":true,"showSkybox":true,"showFlares":true,"showImageEffects":true,"showParticleSystems":true,"showVisualEffectGraphs":true,"m_FxEnabled":true},"in2DMode":false,"pivot":{"x":2.969876527786255,"y":1.2427151203155518,"z":-0.010956919752061367},"rotation":{"x":-0.24228928983211518,"y":0.025315916165709497,"z":-0.0063246069476008419,"w":-0.9698547124862671},"size":3.5660252571105959,"orthographic":false}